"","Easting","Northing","BFS","Name","Count","i1","i6","i11","iv14"
"1",786007.8,194653.8,"3871_1","Klosters-Serneus",8,"2","2","2","2"
"2",780616.786,204792.054,"3893_1","Sankt Antönien",8,"2","2","2","2"
"3",778152.1,198598.1,"3882_1","Küblis",6,"2","2","2","2"
"4",771204.8,204549.3,"3962_1","Schiers",11,"2","2","2","2"
"5",761946.6,196105.1,"3945_1","Trimmis",7,"2","2","2","2"
"6",783287.7,187016.5,"3851_1","Davos",6,"2","2","2","2"
"7",773501.9,188048,"3924_1","Langwies",10,"2","2","2","2"
"8",770905.5,183246.8,"3921_1","Arosa",7,"2","2","2","2"
"9",774082.3,175134.3,"3523_1","Wiesen (GR)",8,"2","2","2","2"
"10",778375,176042,"3851_2","Monstein",8,"2","2","2","2"
"11",746032.1,270134.2,"4436_1","Romanshorn",7,"2","2","2","2"
"12",747458.6,262872.3,"4431_1","Roggwil (TG)",7,"2","2","2","2"
"13",762223.4,259620.9,"3235_1","Rheineck",6,"2","2","2","2"
"14",760737.4,183237.1,"3911_1","Churwalden",10,"2","2","2","2"
"15",761123.2,207762.3,"3952_1","Jenins",6,"2","2","2","2"
"16",762594.2,205611,"3954_1","Malans",6,"2","2","2","2"
"17",759270.2,148941.5,"3681_1","Avers",5,"2","2","2","2"
"18",759617.3,190971.7,"3901_1","Chur",6,"2","2","2","2"
"19",756858,206289.5,"3294_1","Pfäfers",9,"2","2","2","2"
"20",757761.2,210552.5,"3951_1","Fläsch",8,"2","2","2","2"
"21",759603.3,199544.9,"3946_1","Untervaz",15,"1","2","2","2"
"22",755345.4,204001.3,"3294_2","Valens",8,"2","2","2","2"
"23",755427.6,221013.8,"3275_1","Sevelen",11,"2","2","2","2"
"24",755341.8,217748.2,"3276_1","Wartau",9,"2","2","2","2"
"25",757737.1,171662.6,"3503_1","Mutten",8,"2","2","2","2"
"26",756325.5,236541,"3274_1","Sennwald",11,"2","2","2","2"
"27",752159.9,227508.6,"3273_1","Grabs",10,"2","2","2","2"
"28",750473.9,212540.9,"3293_1","Mels",8,"1","2","2","2"
"29",753083.1,173874.7,"3668_1","Thusis",7,"2","2","2","2"
"30",750176.1,188442.5,"3733_1","Tamins",6,"2","2","2","2"
"31",752463.7,197339.9,"3294_3","Vättis",16,"2","2","2","2"
"32",744944.6,217934.8,"3292_1","Flums",11,"2","2","1","1"
"33",744857.8,229814.8,"3357_1","Wildhaus",8,"2","2","2","2"
"34",744960.6,206038,"3293_2","Weisstannen",7,"2","2","2","2"
"35",743508.772,171727.795,"3651_1","Safien",15,"2","2","2","2"
"36",749665.6,259396.5,"3214_1","Mörschwil",9,"2","2","2","2"
"37",757824.9,256855,"3032_1","Heiden",5,"2","2","2","2"
"38",763776.7,254967.7,"3233_1","Berneck",8,"2","2","2","2"
"39",746281.7,254305.6,"3203_1","St. Gallen",23,"2","2","2","2"
"40",752903.1,252760.4,"3025_1","Trogen",8,"2","2","2","2"
"41",749721.2,248797.8,"3021_1","Bühler",10,"2","2","2","2"
"42",758922.2,249652.4,"3251_1","Altstätten",6,"2","2","2","2"
"43",767320.4,250716.3,"3234_1","Diepoldsau",8,"2","2","2","2"
"44",750549.3,242991.1,"3103_1","Rüte",6,"2","2","2","2"
"45",748937.689,243829.809,"3101_1","Appenzell",10,"2","2","2","2"
"46",747915.1,246925.7,"3104_1","Schlatt-Haslen",5,"2","2","2","2"
"47",752020.7,247518.1,"3022_1","Gais",10,"2","2","2","2"
"48",761206.8,243549.8,"3254_1","Oberriet (SG)",13,"2","2","2","2"
"49",740264.1,268297.6,"4461_1","Amriswil",5,"2","2","2","2"
"50",737115.5,265056.8,"4511_1","Zihlschlacht-Sitterdorf",9,"2","2","2","2"
"51",741291.9,273333.3,"4426_1","Kesswil",6,"2","2","2","2"
"52",738831.1,250457,"3001_1","Herisau",13,"2","2","2","2"
"53",738503.5,255523.8,"3441_1","Andwil (SG)",8,"2","2","2","2"
"54",739562.3,246841.6,"3007_1","Waldstatt",7,"2","2","2","2"
"55",732095.8,253107.2,"3402_1","Flawil",9,"2","2","2","2"
"56",732771,265250.8,"4501_1","Kradolf-Schönenberg",7,"1","2","2","2"
"57",732279.7,271646.8,"4901_1","Birwinken",11,"2","2","2","2"
"58",742223.1,220469.1,"3298_1","Walenstadt",11,"2","2","2","2"
"59",736807.2,219040.1,"3295_1","Quarten",11,"2","2","2","2"
"60",735510.8,229129.4,"3356_1","Stein (SG)",9,"1","2","1","2"
"61",730437.8,204964.4,"1606_1","Engi",10,"2","2","2","2"
"62",732020.3,197887.3,"1605_1","Elm",8,"2","2","2","2"
"63",729153.3,223418.5,"3311_1","Amden",8,"1","2","2","2"
"64",729917.3,219884.6,"1624_1","Obstalden",7,"2","2","2","2"
"65",723875.1,211327.2,"1609_1","Glarus",15,"2","2","2","2"
"66",724263.3,217182.5,"1617_1","Mollis",11,"2","2","2","2"
"67",724444.4,206098.1,"1627_1","Schwanden (GL)",25,"1","2","2","2"
"68",721865.6,224518,"3315_1","Schänis",5,"2","2","2","2"
"69",723309.6,217750.6,"1619_1","Näfels",12,"2","2","2","2"
"70",725415.9,269785.9,"4946_1","Weinfelden",7,"2","2","2","2"
"71",720819.2,258088.3,"3425_1","Wil (SG)",8,"2","2","2","2"
"72",720873.3,252399.4,"3392_1","Kirchberg (SG)",7,"2","2","2","2"
"73",715506,252722.9,"4726_1","Fischingen",8,"2","2","2","2"
"74",714126.5,261731.6,"4781_1","Wängi",7,"2","2","2","2"
"75",714785.7,267223.7,"4611_1","Thundorf",8,"2","2","2","2"
"76",711174.9,249510.4,"179_1","Sternenberg",7,"2","2","2","2"
"77",709724.7,268499.8,"4566_2","Frauenfeld",7,"1","2","2","2"
"78",708631.8,247238.8,"171_1","Bauma",8,"2","2","2","2"
"79",707658.3,273924,"4821_1","Hüttwilen",5,"1","2","2","2"
"80",707609.6,260929.3,"217_1","Elgg",6,"2","2","2","2"
"81",706004.5,255005.1,"228_1","Turbenthal",9,"2","2","2","2"
"82",704297.6,268955.9,"218_1","Ellikon an der Thur",8,"2","2","2","2"
"83",702901.3,285010.7,"2963_1","Ramsen",8,"2","2","2","2"
"84",725587.5,280231.2,"4646_2","Triboltingen",8,"2","2","2","2"
"85",723736.9,281188.4,"4646_1","Ermatingen",6,"2","2","2","2"
"86",706733.5,279705.6,"2964_1","Stein am Rhein",10,"2","2","2","2"
"87",710853.1,278102.1,"4826_1","Mammern",7,"2","2","2","2"
"88",732812.3,278058.2,"4643_1","Bottighofen",8,"2","2","2","2"
"89",701578.8,277389.3,"42_1","Unterstammheim",10,"2","2","2","2"
"90",717923.3,277142.8,"4816_1","Homburg",6,"2","2","2","2"
"91",720947.9,246994.2,"3394_1","Mosnang",10,"2","2","2","2"
"92",707167.9,243705.8,"111_1","Bäretswil",11,"2","2","2","2"
"93",733022,248352.7,"3401_1","Degersheim",10,"2","2","2","2"
"94",724737.7,240440,"3377_2","Wattwil",6,"2","2","2","2"
"95",721811.8,241962.9,"3373_1","Krinau",8,"2","2","2","2"
"96",727936.1,243958.9,"3371_1","Brunnadern",7,"2","2","2","2"
"97",739643.6,242472,"3006_1","Urnäsch",9,"2","2","2","2"
"98",727318.7,236114.99,"3352_1","Ebnat-Kappel",6,"2","2","2","2"
"99",711579.5,236954.7,"120_1","Wald (ZH)",9,"2","2","2","2"
"100",712309.8,233252.5,"3332_1","Eschenbach (SG)",7,"2","2","2","2"
"101",718706.1,228821.8,"3312_1","Benken (SG)",9,"2","2","2","2"
"102",704376.2,231363.4,"3336_1","Rapperswil",11,"2","2","2","2"
"103",714199.8,229148.3,"1347_1","Tuggen",6,"2","2","2","2"
"104",718741,197583.1,"1613_1","Linthal",9,"2","2","2","2"
"105",721638.1,203049.8,"1614_2","Luchsingen",5,"1","2","2","2"
"106",707043.1,227798.5,"1344_1","Lachen",10,"1","2","2","2"
"107",702100.8,210733.9,"1368_1","Oberiberg",5,"1","2","2","2"
"108",712339.7,218210.9,"1343_1","Innerthal",7,"2","2","2","2"
"109",701463,191131.1,"1219_1","Unterschächen",10,"1","2","1","2"
"110",697061.1,227997.6,"1323_1","Wollerau",7,"1","2","2","2"
"111",698973.7,220504.4,"1301_1","Einsiedeln",6,"2","2","1","2"
"112",696991.1,214100.6,"1361_1","Alpthal",6,"1","2","2","2"
"113",693962.931,183023.888,"1216_1","Silenen",8,"1","2","1","1"
"114",693649.5,231638.1,"142_1","Wädenswil",8,"2","2","2","2"
"115",692370.3,208484.8,"1372_1","Schwyz",7,"1","2","2","2"
"116",700265.4,203588.5,"1367_1","Muotathal",8,"1","2","1","2"
"117",692706.7,225643.3,"134_1","Hütten",8,"1","2","2","2"
"118",689212.3,221052.2,"1706_1","Oberägeri",11,"2","2","2","2"
"119",726750.719,178493.259,"3612_1","Obersaxen",7,"2","2","2","2"
"120",687824.5,169160.6,"1208_1","Göschenen",8,"1","2","2","2"
"121",690886.4,176996.9,"1209_1","Gurtnellen",6,"1","2","2","1"
"122",733412.6,164437.2,"3603_1","Vals",10,"2","2","2","2"
"123",688756.5,165378.5,"1202_1","Andermatt",7,"1","2","2","2"
"124",742072.9,156665,"3692_1","Medels im Rheinwald",5,"2","2","2","1"
"125",701689.4,247120.8,"177_1","Pfäffikon",9,"2","2","2","2"
"126",699833.9,240433.9,"115_1","Gossau (ZH)",6,"1","2","2","2"
"127",694666.4,239491.7,"192_1","Egg",6,"2","2","2","2"
"128",696680.1,245189.9,"198_1","Uster",8,"2","2","2","2"
"129",694830.2,247350.3,"198_2","Nänikon",5,"2","2","1","2"
"130",693024.8,244020.1,"195_1","Maur",9,"2","2","2","2"
"131",691254.6,236105.7,"156_1","Meilen",11,"2","2","2","2"
"132",690649.7,247343.2,"193_1","Fällanden",4,"2","2","2","2"
"133",696930,251676.6,"174_1","Illnau-Effretikon",20,"2","2","2","2"
"134",696845.5,261856.2,"230_1","Winterthur",8,"2","2","2","2"
"135",693216.8,272190.2,"30_1","Andelfingen",8,"2","2","2","2"
"136",691064.8,275701.6,"35_1","Marthalen",8,"2","2","2","2"
"137",688037.9,270075.6,"28_1","Flaach",6,"2","2","2","2"
"138",692601.3,264925.7,"223_1","Neftenbach",5,"2","2","2","2"
"139",689572.1,254881.1,"52_1","Bassersdorf",15,"2","2","2","2"
"140",684585.3,269719.5,"2933_1","Buchberg",6,"2","2","2","2"
"141",685793.7,264959.4,"68_1","Rorbas",7,"2","2","2","2"
"142",682735.8,248230.3,"261_1","Zürich",10,"2","2","2","2"
"143",682667.6,264267.2,"53_1","Bülach",10,"2","2","1","2"
"144",681520.7,270058.5,"55_1","Eglisau",9,"1","2","2","2"
"145",682508.3,256489.7,"97_1","Rümlang",5,"2","2","1","2"
"146",682828.8,273998.3,"67_1","Rafz",8,"2","2","2","2"
"147",673751.4,268898.6,"4308_1","Kaiserstuhl",5,"1","2","2","2"
"148",677477.3,264643.6,"100_1","Stadel",10,"2","2","2","2"
"149",674395.5,248420.2,"250_1","Urdorf",10,"2","2","2","2"
"150",670703.1,261943.8,"91_1","Niederweningen",5,"1","2","2","2"
"151",675432.9,259636.3,"95_1","Regensberg",7,"2","2","2","2"
"152",689606.434,206371.967,"1364_1","Ingenbohl",17,"1","2","1","2"
"153",687288.1,225931.2,"1704_1","Menzingen",7,"1","2","1","2"
"154",681700.5,217137.8,"1710_1","Walchwil",5,"2","2","2","2"
"155",681313.3,225432.7,"1711_1","Zug",10,"2","2","2","2"
"156",675545.8,215230.6,"1331_1","Küssnacht (SZ)",7,"1","2","2","2"
"157",674903.8,221619.4,"1707_2","Rotkreuz",6,"2","2","2","2"
"158",674705.8,202969.9,"1502_1","Buochs",8,"1","2","1","2"
"159",676002.1,209594.1,"1069_1","Weggis",5,"1","2","1","2"
"160",674607,225481.2,"1703_1","Hünenberg",13,"2","2","2","2"
"161",670602.9,201063.8,"1509_1","Stans",5,"1","2","1","2"
"162",686315.5,241603.6,"154_1","Küsnacht (ZH)",12,"2","2","2","2"
"163",683604.1,237969.1,"136_1","Langnau am Albis",8,"1","2","2","2"
"164",685134.3,239017.3,"141_1","Thalwil",6,"2","2","2","2"
"165",679475.3,242096.1,"13_1","Stallikon",8,"1","2","2","2"
"166",682407.1,231308.6,"6_1","Kappel am Albis",6,"2","2","2","2"
"167",680054.9,232997.4,"12_1","Rifferswil",6,"1","2","1","2"
"168",676187.4,239154.8,"5_1","Hedingen",8,"2","2","2","2"
"169",670864.1,234696.8,"4234_1","Merenschwand",9,"2","2","2","2"
"170",668386.2,244811.4,"4063_1","Bremgarten (AG)",8,"2","2","2","2"
"171",666288.8,239751,"4228_1","Boswil",4,"1","2","2","2"
"172",666857.4,220562.8,"1026_1","Eschenbach (LU)",7,"2","2","2","2"
"173",666038.3,207711.5,"1058_1","Horw",7,"1","2","2","2"
"174",666114.5,210876.1,"1061_1","Luzern",6,"2","2","2","2"
"175",655422.3,271233.8,"4311_1","Leibstadt",10,"2","2","2","2"
"176",670860.4,266465.9,"4319_1","Siglistorf",6,"1","2","2","2"
"177",666430.3,267696,"4301_1","Baldingen",6,"2","2","2","2"
"178",645730,265657,"4169_1","Kaisten",7,"1","2","2","2"
"179",658444.6,264241,"4121_1","Villigen",6,"1","2","1","2"
"180",649754.408,262041.689,"4097_1","Elfingen",8,"1","2","2","2"
"181",658048.9,259184.5,"4095_1","Brugg",9,"1","2","2","2"
"182",643789.084,262081.821,"4163_1","Frick",7,"2","2","2","2"
"183",637427,260996,"4262_1","Wegenstetten",8,"2","2","1","2"
"184",638298.281,265941.996,"4260_1","Stein (AG)",7,"2","2","1","2"
"185",660752.8,234197.8,"1021_1","Aesch (LU)",8,"1","2","1","2"
"186",661468.4,248995.7,"4068_1","Hägglingen",9,"1","2","2","2"
"187",656453.9,240851.2,"4192_1","Boniswil",9,"2","2","2","2"
"188",651103.6,242332,"4145_1","Teufenthal (AG)",7,"1","2","2","2"
"189",648321.5,231684.8,"1104_1","Triengen",6,"1","2","2","2"
"190",646609,242919,"4009_1","Muhen",6,"1","1","2","1"
"191",646530.113,249335.892,"4001_1","Aarau",11,"1","2","2","2"
"192",647237.1,236355.3,"4275_1","Kirchleerau",8,"2","2","1","2"
"193",638457.047,237404.531,"4289_1","Zofingen",7,"2","2","2","2"
"194",658737.4,252308.8,"4193_1","Brunegg",9,"1","2","1","2"
"195",657755.6,254737.1,"4104_1","Lupfig",10,"1","2","2","2"
"196",660846.9,257011.5,"4024_1","Birmenstorf (AG)",10,"1","2","2","2"
"197",646366.685,256114.252,"4004_1","Densbüren",9,"1","2","1","2"
"198",642816.884,255481.725,"4173_1","Oberhof",10,"1","2","1","2"
"199",669818.4,254890,"4048_1","Würenlos",5,"2","2","2","2"
"200",655230.7,249193,"4201_1","Lenzburg",10,"2","2","2","2"
"201",640171.9,249340.2,"2499_1","Stüsslingen",10,"1","2","1","2"
"202",665352.4,252955.2,"4035_1","Niederrohrdorf",11,"1","2","2","2"
"203",658025.1,216810.3,"1093_1","Neuenkirch",11,"1","2","1","2"
"204",656640.7,209817.5,"1062_1","Malters",7,"1","2","1","2"
"205",657099.1,220921.3,"1102_1","Sempach",10,"1","2","2","2"
"206",661103.6,224627.1,"1039_1","Römerswil",10,"2","2","1","2"
"207",652245.2,214974.3,"1098_1","Ruswil",7,"2","2","1","2"
"208",650876.4,224849.1,"1103_1","Sursee",5,"2","2","2","2"
"209",646436,220413.5,"1086_1","Grosswangen",14,"1","2","2","2"
"210",647443.8,204875,"1002_1","Entlebuch",10,"1","2","1","2"
"211",648252.3,212485.6,"1107_1","Wolhusen",8,"1","2","1","2"
"212",641721.9,229247.3,"1125_1","Dagmersellen",7,"2","2","2","2"
"213",641745.8,218978.5,"1149_1","Willisau Stadt",10,"1","2","2","2"
"214",636746.1,220704.2,"1150_1","Zell (LU)",7,"2","2","2","2"
"215",692819.3,292170.8,"2913_1","Bibern (SH)",7,"2","2","2","2"
"216",678605.3,289355.3,"2952_1","Schleitheim",11,"2","2","2","2"
"217",687732.8,290754.7,"2936_1","Merishausen",7,"2","2","2","2"
"218",689634.8,283740.7,"2939_1","Schaffhausen",5,"2","2","2","2"
"219",698326.38,280633.594,"4536_1","Basadingen-Schlattingen",5,"2","2","2","2"
"220",676991.4,280175.6,"2974_1","Wilchingen",10,"2","2","2","2"
"221",676464.7,283385.5,"2971_1","Hallau",14,"2","2","2","2"
"222",679522,284102,"2901_1","Gächlingen",13,"2","2","2","2"
"223",634865.8,241115.1,"4271_1","Aarburg",7,"1","2","1","2"
"224",630524,263875,"2853_1","Maisprach",8,"1","2","1","2"
"225",630601.652,267464.866,"4254_1","Möhlin",10,"1","2","2","2"
"226",631543.9,243334.9,"2582_1","Rickenbach (SO)",7,"1","2","1","1"
"227",630652.8,251087,"2843_1","Buckten",7,"2","2","2","2"
"228",624843.8,244353.4,"2888_1","Langenbruck",5,"1","2","1","2"
"229",624940.9,252690.4,"2886_1","Hölstein",10,"2","2","1","1"
"230",627863,255436,"2869_1","Zunzgen",6,"2","2","2","2"
"231",631670,257115,"2846_1","Gelterkinden",24,"2","2","2","2"
"232",622322,259363,"2829_1","Liestal",9,"2","2","1","2"
"233",628341.801,264049.516,"4253_1","Magden",8,"1","2","1","2"
"234",616959,268845,"2702_1","Bettingen",7,"2","2","2","2"
"235",619074.4,263578.5,"2831_1","Pratteln",18,"2","2","2","2"
"236",619981.2,243387.6,"2428_1","Mümliswil-Ramiswil",6,"1","2","1","2"
"237",620139.1,253439.8,"2834_1","Ziefen",6,"1","2","2","2"
"238",623086.3,189268.8,"904_1","Röthenbach im Emmental",6,"1","2","1","1"
"239",621853,196556.6,"907_1","Signau",8,"1","2","1","1"
"240",626356.1,198713.3,"902_1","Langnau im Emmental",14,"1","1","1","1"
"241",613930.8,192215,"612_1","Konolfingen",7,"1","1","1","1"
"242",610533.2,187971,"621_1","Oberwichtrach",17,"1","2","1","1"
"243",603499.8,202491.2,"362_1","Ittigen",8,"1","1","1","1"
"244",609419.8,197653.2,"627_1","Worb",5,"1","2","1","1"
"245",608133.1,194245.6,"623_1","Rubigen",8,"1","2","1","1"
"246",604542.3,193161.3,"861_1","Belp",8,"1","2","1","2"
"247",625326.6,220680.6,"344_1","Ursenbach",10,"1","2","1","2"
"248",601431.4,221662.4,"2444_1","Bibern (SO)",10,"1","2","1","1"
"249",609108.4,219688.6,"552_1","Utzenstorf",5,"1","2","1","1"
"250",617393.5,217259.1,"424_1","Wynigen",6,"1","1","1","1"
"251",605510,214308.2,"539_1","Grafenried",7,"1","2","1","1"
"252",631194.8,218047.8,"954_1","Huttwil",9,"1","2","1","1"
"253",623325.7,208524,"957_1","Sumiswald",8,"1","2","1","1"
"254",609747.4,206576.8,"414_1","Krauchthal",7,"1","2","1","1"
"255",619206.1,206290.3,"955_1","Lützelflüh",10,"1","1","1","1"
"256",592557.3,185205.7,"854_1","Wahlern",8,"1","1","1","1"
"257",615584,263523,"2770_1","Muttenz",9,"1","2","2","2"
"258",611389.5,266347.3,"2701_2","Basel",6,"2","2","2","2"
"259",611909.2,257348.3,"2761_1","Aesch (BL)",8,"2","2","1","2"
"260",607760.1,247019.5,"2615_1","Erschwil",10,"1","2","1","2"
"261",612963.9,239341.2,"2421_1","Aedermannsdorf",6,"1","2","1","2"
"262",613664.2,249191.1,"2621_1","Nunningen",7,"2","2","1","2"
"263",604705.9,252532.1,"2787_1","Laufen",8,"1","2","1","2"
"264",607729.4,258856.9,"2768_1","Ettingen",5,"2","2","1","2"
"265",599589,250264.9,"2788_1","Liesberg",6,"1","2","1","1"
"266",604738,265165,"2774_1","Schönenbuch",6,"1","2","1","2"
"267",598509,252835.8,"2619_1","Kleinlützel",6,"1","2","1","2"
"268",602093.019,257355.389,"2477_1","Metzerlen-Mariastein",7,"2","2","2","2"
"269",592619.8,253704.9,"2790_1","Roggenburg",4,"1","2","1","1"
"270",606351.936,236540.681,"2429_1","Welschenrohr",4,"1","2","1","2"
"271",619362.1,235509.9,"981_1","Niederbipp",14,"1","2","1","2"
"272",629756.6,235005.2,"4279_1","Murgenthal",6,"1","2","1","1"
"273",598899.3,227977.2,"2543_1","Bettlach",11,"1","2","1","2"
"274",608049.6,228173.9,"2601_1","Solothurn",3,"2","2","1","2"
"275",626685.4,229070.6,"329_1","Langenthal",8,"1","2","1","2"
"276",634650.2,230757.2,"1139_1","Pfaffnau",11,"1","2","1","2"
"277",616466.3,231268.7,"992_1","Wangen an der Aare",10,"1","2","1","2"
"278",616834.7,225580.8,"2511_1","Aeschi (SO)",9,"1","2","1","2"
"279",623853.4,226038.8,"324_1","Bleienbach",5,"1","2","1","2"
"280",631293.4,225776,"333_1","Melchnau",8,"1","2","1","2"
"281",592384,224902.5,"392_1","Pieterlen",6,"1","2","1","1"
"282",595103.1,220973.5,"383_1","Büren an der Aare",7,"1","2","1","1"
"283",591538.4,216674.8,"384_1","Busswil bei Büren",7,"1","1","2","1"
"284",594185.4,217481.8,"385_1","Diessbach bei Büren",6,"1","2","1","1"
"285",596329.3,217879.6,"2461_1","Schnottwil",7,"1","2","1","1"
"286",597866.8,212533.5,"310_1","Rapperswil (BE)",10,"1","2","1","1"
"287",596983.2,214700.1,"394_1","Wengi bei Büren",6,"1","2","1","1"
"288",587631.3,210385.8,"301_1","Aarberg",10,"1","2","1","2"
"289",581738.6,212868.6,"751_1","Täuffelen",8,"1","2","1","1"
"290",594344.9,206508.3,"307_1","Meikirch",5,"1","2","1","1"
"291",601013.4,207819.4,"546_1","Münchenbuchsee",12,"1","2","1","1"
"292",592388.6,200341.3,"663_1","Frauenkappelen",6,"1","2","1","1"
"293",600419.6,199553.2,"351_1","Bern",20,"1","1","1","1"
"294",589436,193661.3,"670_1","Neuenegg",5,"1","2","1","1"
"295",589593.3,186009.8,"2296_1","Heitenried",8,"1","2","1","1"
"296",590224.5,190418,"2308_1","Ueberstorf",10,"1","2","1","1"
"297",584788.4,194678.1,"667_1","Laupen",7,"1","2","1","1"
"298",583008.8,184899,"2306_1","Tafers",7,"1","1","1","1"
"299",580980.6,188850.1,"2293_1","Düdingen",8,"1","2","1","2"
"300",579669.7,193515.4,"2262_1","Gurmels",5,"1","1","1","1"
"301",581377.8,218004.9,"752_1","Tüscherz-Alfermée",5,"1","2","1","2"
"302",578460.6,183802.2,"2196_1","Fribourg",9,"1","1","1","1"
"303",575661.7,197634.9,"2275_1","Murten",6,"1","2","1","1"
"304",576972.8,214815.8,"740_1","Ligerz",6,"1","2","1","1"
"305",574025.3,210323.5,"492_1","Erlach",5,"1","2","1","1"
"306",574719.5,206111.6,"496_1","Ins",8,"1","2","1","1"
"307",607798.5,181790.1,"883_1","Seftigen",7,"1","2","1","1"
"308",600063.1,185604.9,"880_1","Rüeggisberg",6,"1","1","1","1"
"309",614988.2,180877.2,"939_1","Steffisburg",26,"1","1","1","1"
"310",582545.3,178942,"2294_1","Giffers",10,"1","2","1","1"
"311",614640.4,178193.4,"942_1","Thun",9,"1","2","1","1"
"312",591626.3,179573.2,"852_1","Guggisberg",7,"1","1","1","1"
"313",588484.4,176610.7,"2299_1","Plaffeien",7,"1","1","1","1"
"314",643908.6,200096.3,"1008_1","Schüpfheim",5,"1","2","1","2"
"315",663442.1,199224.6,"1401_1","Alpnach",10,"1","2","1","2"
"316",685630.4,196128.8,"1211_1","Isenthal",17,"1","2","1","2"
"317",661497.1,194115.9,"1407_1","Sarnen",10,"1","2","1","2"
"318",672929.4,195668.3,"1511_1","Wolfenschiessen",13,"1","2","1","2"
"319",633397.3,199134.2,"908_2","Trub",10,"1","1","1","1"
"320",637734.7,195957.8,"1003_1","Escholzmatt",8,"1","2","1","2"
"321",644033.3,192599.5,"1004_1","Flühli",5,"1","1","1","2"
"322",663753.6,194747.1,"1404_1","Kerns",5,"1","2","1","2"
"323",673895.4,185875.4,"1402_1","Engelberg",8,"1","2","1","2"
"324",690942.8,192333.2,"1201_1","Altdorf (UR)",9,"1","2","2","2"
"325",655064,181883,"1405_1","Lungern",11,"1","2","1","2"
"326",657050.959,187589.132,"1403_1","Giswil",12,"1","2","1","2"
"327",632234.4,186359.9,"906_1","Schangnau",5,"1","1","1","1"
"328",635192.1,189308.5,"1006_1","Marbach (LU)",7,"1","2","1","1"
"329",645389.4,178276.2,"573_1","Brienz (BE)",22,"1","1","1","1"
"330",656975.8,175417.8,"785_1","Meiringen",10,"1","1","1","1"
"331",640194.6,173497.6,"582_1","Iseltwald",11,"1","1","1","1"
"332",660454.7,173040.5,"784_1","Innertkirchen",9,"1","1","1","1"
"333",665152.8,167414.1,"782_1","Guttannen",8,"1","1","1","1"
"334",645466.2,163888.6,"576_1","Grindelwald",9,"1","1","1","1"
"335",636955.8,161644.9,"584_3","Wengen",6,"1","1","1","1"
"336",631628.8,170359,"581_1","Interlaken",10,"1","2","1","1"
"337",669858.1,154055.9,"6066_1","Oberwald",6,"1","1","1","1"
"338",669877.9,176753.6,"781_1","Gadmen",7,"1","2","1","1"
"339",634813.8,156554.7,"584_2","Mürren",7,"1","1","1","1"
"340",635962,160848.4,"584_1","Lauterbrunnen",5,"1","1","1","1"
"341",632532.4,175070.1,"579_1","Habkern",5,"1","1","1","2"
"342",620192.6,169368.9,"768_1","Faulensee",5,"1","2","1","1"
"343",618487.6,170597.2,"768_2","Spiez",6,"1","2","1","1"
"344",625899.8,167197.8,"585_1","Leissigen",9,"1","2","1","1"
"345",609647.8,166420,"762_1","Diemtigen",8,"1","1","1","1"
"346",613889.1,171465.6,"767_1","Reutigen",9,"1","1","1","1"
"347",619569.4,163827.3,"567_2","Reichenbach im Kandertal",7,"1","1","1","1"
"348",621808.4,159852.6,"567_1","Kiental",11,"1","2","1","1"
"349",616296.4,159686.8,"563_1","Frutigen",9,"1","1","1","1"
"350",617898.3,149542.1,"565_1","Kandersteg",8,"1","2","1","1"
"351",609304.1,149113.8,"561_1","Adelboden",10,"1","1","1","1"
"352",624688.1,138130,"6195_1","Ferden",13,"1","1","1","1"
"353",629268,141098.8,"6192_1","Blatten",10,"1","1","1","1"
"354",613787.1,132532.1,"6109_1","Inden",5,"1","2","1","1"
"355",631619.9,129162.7,"6191_1","Ausserberg",6,"1","2","1","1"
"356",623903.3,129181.8,"6200_1","Steg",5,"1","1","1","1"
"357",617456.6,127168.6,"6101_1","Agarn",11,"1","1","1","1"
"358",617527.1,130445.4,"6117_1","Guttet-Feschel",5,"1","1","1","1"
"359",629049.9,125518.9,"6193_1","Bürchen",7,"1","1","1","1"
"360",610158.9,128930,"6113_1","Salgesch",7,"1","1","1","1"
"361",596439.1,151428.7,"793_1","St. Stephan",7,"1","1","1","1"
"362",600401.3,145231.5,"792_1","Lenk",7,"1","1","1","1"
"363",595145.3,155796.2,"794_1","Zweisimmen",8,"1","1","1","1"
"364",588216.6,168849.3,"2299_2","Schwarzsee",9,"1","2","1","1"
"365",587464.9,162177.3,"2138_1","Jaun",8,"1","1","1","1"
"366",596261.4,164017.3,"791_1","Boltigen",8,"1","1","1","1"
"367",586321,148613,"843_2","Saanen",10,"1","1","1","1"
"368",586829.4,137117.7,"841_1","Gsteig",8,"1","1","1","1"
"369",661698.8,146778.1,"6067_1","Reckingen",11,"1","2","1","1"
"370",657355.8,135015.8,"6054_1","Binn",3,"1","1","1","1"
"371",653368.9,139315.4,"6057_1","Fiesch",10,"1","1","1","1"
"372",648508.8,136309.6,"6171_1","Betten",5,"1","1","1","1"
"373",646839.4,134060.6,"6179_1","Mörel",9,"1","1","1","1"
"374",642260.2,129562.8,"6002_1","Brig-Glis",7,"1","1","1","1"
"375",638482,108053,"6291_1","Saas-Grund",7,"1","1","1","1"
"376",647676.4,116232.6,"6009_1","Simplon",11,"1","1","1","1"
"377",635776.9,123168.3,"6298_1","Visperterminen",9,"1","2","1","1"
"378",634176.7,127047.7,"6297_1","Visp",11,"1","1","1","1"
"379",623812,96492,"6300_1","Zermatt",9,"1","1","1","1"
"380",626629,105344,"6287_1","Randa",5,"1","2","1","2"
"381",628031.6,113812.4,"6292_1","Sankt Niklaus",7,"1","1","1","1"
"382",635646,201662,"908_1","Fankhaus",7,"1","1","1","1"
"383",721561.4,236057.3,"3377_1","Ricken",6,"2","2","2","2"
